Galaxy Number,X coord,Y coord,X radius,Y radius,Max Pixel,Pixel Count,Magnitude 
1,675,1938,19,17,39374.0,1871878.0,9.61930614975 
2,446,2300,19,19,39199.0,2404775.0,9.34731387913 
3,558,4098,27,21,38878.0,6866412.0,8.20817535373 
4,1772,578,18,17,37927.0,2404245.0,9.34755319616 
5,188,3923,18,16,37461.0,1305686.0,10.0104031313 
6,704,2263,18,16,37293.0,1568877.0,9.81102775944 
7,1456,4033,23,19,36399.0,4673885.0,8.62580494385 
8,966,1654,17,14,36257.0,1281291.0,10.030880561 
9,1312,4400,19,15,36108.0,2190787.0,9.44849961203 
10,1365,4330,16,15,35886.0,1539756.0,9.83137023727 
11,2466,3410,3,30,35768.0,8395801.0,7.98984465939 
12,894,3373,18,17,35634.0,1273151.0,10.0378002113 
13,2278,3845,18,16,34675.0,1356826.0,9.96868960724 
14,208,844,18,16,32324.0,1305895.0,10.0102293524 
15,577,4315,14,13,30896.0,746623.0,10.617246589 
16,1598,465,15,14,28854.0,920910.0,10.3894570277 
17,1932,1561,15,12,27721.0,703299.0,10.6821500002 
18,1798,288,14,14,25690.0,874433.0,10.4456836526 
19,2385,1091,15,13,25417.0,712962.0,10.6673340422 
20,360,2431,15,16,25258.0,823333.0,10.5110611932 
21,1534,121,3,17,24863.0,680899.0,10.7172932591 
22,2260,3297,35,27,23928.0,1691570.0,9.72927506418 
23,365,3597,13,12,21303.0,433366.0,11.2078629113 
24,583,4222,13,12,21187.0,498247.0,11.0563882689 
25,855,3206,15,12,20825.0,551725.0,10.9456933416 
26,1677,4498,15,12,20309.0,435580.0,11.2023301736 
27,684,1741,13,11,19020.0,542095.0,10.964811496 
28,1011,500,15,13,17876.0,583568.0,10.8847713267 
29,2459,3215,10,10,17180.0,335925.0,11.4843941854 
30,668,2356,13,11,16693.0,400105.0,11.2945650533 
31,1414,1781,11,25,16246.0,1217674.0,10.0861724175 
32,1001,1688,12,12,15666.0,390409.0,11.321200448 
33,1931,1653,12,11,15647.0,371788.0,11.3742615796 
34,1284,2334,11,11,15357.0,341561.0,11.466329309 
35,374,3582,12,6,14893.0,318597.0,11.5418957949 
36,234,1638,11,12,14803.0,391980.0,11.3168402286 
37,2091,4510,10,1,13903.0,117180.0,12.6278662658 
38,391,2513,11,10,12709.0,271777.0,11.714468249 
39,518,3540,12,10,12496.0,266368.0,11.7362948754 
40,405,3716,12,10,12214.0,241369.0,11.8432962721 
41,1868,829,15,16,11394.0,628968.0,10.803428624 
42,1029,2591,13,10,11297.0,265153.0,11.741258637 
43,555,3333,10,10,11295.0,219769.0,11.9450839199 
44,574,1175,18,15,11024.0,606513.0,10.8428997151 
45,1815,3240,11,10,10369.0,184874.0,12.1328104053 
46,348,4211,10,9,10103.0,182901.0,12.1444598001 
47,2055,1555,10,9,9919.0,190601.0,12.0996870628 
48,1005,2322,9,9,9840.0,193992.0,12.0805404487 
49,2078,2862,9,8,9736.0,166450.0,12.2467905013 
50,2298,2277,19,20,9584.0,455272.0,11.1543226468 
51,2154,3620,10,9,9362.0,156022.0,12.3170353983 
52,208,940,11,10,9331.0,230035.0,11.8955152018 
53,600,4419,10,8,9251.0,157410.0,12.3074192027 
54,2321,3660,9,9,9181.0,145145.0,12.3954948007 
55,1038,428,5,5,8911.0,153375.0,12.3356135607 
56,1418,2986,5,14,8616.0,80880.0,13.0303971435 
57,909,1422,9,8,8559.0,158336.0,12.3010508268 
58,603,3850,10,9,8346.0,140342.0,12.4320308467 
59,1701,314,1,1,8121.0,7576.0,15.601400085 
60,501,3936,10,9,8101.0,132179.0,12.4970938453 
61,413,3705,9,3,8037.0,107926.0,12.7171847966 
62,2280,3976,9,7,7788.0,111651.0,12.6803434571 
63,520,1296,9,9,7477.0,132550.0,12.4940506698 
64,1312,610,9,10,7460.0,142455.0,12.4158057574 
65,1106,1803,9,7,7415.0,120283.0,12.5994893715 
66,1855,4406,9,8,7347.0,105467.0,12.7422085182 
67,128,1466,10,9,7283.0,132017.0,12.4984253513 
68,1010,104,21,16,7257.0,540992.0,10.9670228926 
69,1913,3295,9,9,7222.0,100848.0,12.7908317755 
70,1663,3522,8,8,7075.0,86715.0,12.9547644289 
71,1643,350,1,1,6958.0,3533.0,16.4296409064 
72,1644,353,1,1,6844.0,3822.0,16.3442732932 
73,232,3170,9,8,6815.0,105711.0,12.7396995471 
74,2218,3251,22,17,6752.0,435053.0,11.2036445806 
75,1919,2408,13,8,6736.0,92975.0,12.8790845324 
76,794,2376,12,13,6723.0,182560.0,12.1464859323 
77,1608,3440,10,8,6651.0,92627.0,12.8831560041 
78,1344,2660,9,8,6425.0,88619.0,12.9311828874 
79,1038,437,1,6,6384.0,73788.0,13.1300356523 
80,844,3423,13,12,6361.0,154475.0,12.3278544903 
81,1998,1706,8,7,6354.0,78085.0,13.0685809634 
82,1132,2697,13,13,6338.0,205265.0,12.0192127411 
83,896,3096,9,8,6337.0,85469.0,12.9704784433 
84,1662,2866,16,17,6328.0,312611.0,11.5624893608 
85,1038,445,1,6,6316.0,46641.0,13.6280803668 
86,640,3353,21,15,6277.0,523345.0,11.0030298017 
87,258,839,13,14,6239.0,169840.0,12.2249000471 
88,1740,3298,13,16,6152.0,202370.0,12.0346346708 
89,2340,422,12,14,6128.0,281995.0,11.67439648 
90,2304,4160,8,7,6124.0,68119.0,13.2168293405 
91,1292,500,20,13,6116.0,530198.0,10.9889047871 
92,1880,1764,8,7,6083.0,73566.0,13.133307143 
93,2077,1667,8,7,6080.0,73746.0,13.1306538274 
94,1310,2696,8,7,6071.0,72701.0,13.1461490385 
95,2338,3070,10,10,5971.0,117825.0,12.6219063789 
96,1032,426,2,3,5952.0,24131.0,14.3435617009 
97,1028,427,2,2,5936.0,18565.0,14.6282626161 
98,2009,2587,8,7,5880.0,64467.0,13.2766563485 
99,2099,748,12,11,5864.0,171860.0,12.2120629814 
100,2139,956,8,7,5800.0,71726.0,13.1608084703 
101,2114,2557,9,7,5749.0,73841.0,13.1292560762 
102,2106,4363,10,9,5729.0,110614.0,12.6904747563 
103,852,1164,11,12,5686.0,165630.0,12.2521524954 
104,110,2602,8,8,5636.0,74317.0,13.1222795752 
105,1237,1064,8,7,5598.0,64291.0,13.2796245476 
106,1632,2223,7,6,5565.0,55634.0,13.4366492846 
107,1401,1144,9,8,5542.0,101767.0,12.7809825698 
108,249,1402,7,7,5542.0,62840.0,13.3044095591 
109,187,2710,8,8,5481.0,57939.0,13.392572512 
110,1118,283,11,10,5456.0,130214.0,12.5133557999 
111,2052,940,7,7,5443.0,61559.0,13.3267711093 
112,1067,3391,12,9,5441.0,88399.0,12.9338816196 
113,513,3905,12,11,5427.0,112144.0,12.6755598934 
114,1643,352,1,1,5419.0,3141.0,16.557330159 
115,1243,3453,9,8,5407.0,53729.0,13.474478106 
116,2467,472,2,20,5373.0,348046.0,11.4459083828 
117,1488,2961,1,1,5328.0,3256.0,16.5182890095 
118,1714,319,7,7,5323.0,60777.0,13.3406518521 
119,1248,574,14,9,5316.0,141619.0,12.4221961914 
120,1488,2963,1,14,5316.0,113811.0,12.6595394018 
121,1260,3000,8,8,5297.0,47374.0,13.6111498607 
122,1424,2195,1,9,5229.0,33938.0,13.9732843867 
123,2139,3061,7,6,5178.0,41014.0,13.7676696823 
124,627,294,11,8,5135.0,96814.0,12.8351545901 
125,1266,2983,8,8,5133.0,43305.0,13.7086548927 
126,1668,3427,8,7,5128.0,42854.0,13.7200215868 
127,1024,241,10,17,5123.0,184057.0,12.1376191524 
128,2200,3536,8,19,5114.0,138657.0,12.4451455012 
129,869,2882,25,19,5103.0,393121.0,11.3136843903 
130,1424,3500,1,11,5071.0,34421.0,13.9579412917 
131,988,183,11,15,5037.0,198025.0,12.0581999451 
132,911,1605,7,6,5034.0,46141.0,13.6397824934 
133,1856,3032,7,6,5027.0,39164.0,13.8177823953 
134,1141,3479,10,10,5019.0,68370.0,13.2128360502 
135,1969,2161,11,9,5016.0,93569.0,12.8721700298 
136,2406,558,10,10,5015.0,121333.0,12.5900526605 
137,1323,1728,13,13,4992.0,197428.0,12.061478135 
138,322,2791,8,7,4979.0,49294.0,13.5680148481 
139,1012,2114,7,6,4967.0,41928.0,13.7437396333 
140,1598,133,11,13,4963.0,122492.0,12.5797306858 
141,1413,4478,10,10,4929.0,74753.0,13.1159284337 
142,546,3953,11,11,4909.0,119401.0,12.6074800898 
143,1660,2010,10,10,4901.0,106442.0,12.7322174346 
144,1976,1982,7,7,4859.0,45358.0,13.6583652583 
145,969,2420,6,6,4858.0,36252.0,13.9016700717 
146,1906,1956,11,9,4830.0,127349.0,12.5375111524 
147,1722,3337,11,12,4800.0,120727.0,12.595488978 
148,1879,2370,12,10,4788.0,112682.0,12.6703636332 
149,2373,2326,16,17,4768.0,212862.0,11.9797546541 
150,1170,2886,9,8,4751.0,52630.0,13.496916575 
151,1963,1562,12,11,4742.0,117401.0,12.6258205096 
152,1105,910,9,14,4729.0,136326.0,12.4635532698 
153,185,3090,7,6,4724.0,35324.0,13.9298253098 
154,1475,4011,7,10,4721.0,37078.0,13.8772092497 
155,687,294,10,8,4720.0,71806.0,13.1595981631 
156,1791,3355,7,8,4711.0,34100.0,13.9681140525 
157,490,4094,6,7,4711.0,33572.0,13.9850569639 
158,2335,1383,11,10,4699.0,111231.0,12.6844353958 
159,1866,2698,6,6,4690.0,31057.0,14.0696012449 
160,2090,1560,12,10,4671.0,116189.0,12.6370874653 
161,1366,4070,7,6,4666.0,32798.0,14.0103815962 
162,1215,1041,6,6,4655.0,34275.0,13.9625563413 
163,563,3177,7,7,4650.0,38158.0,13.8460359908 
164,1073,1936,14,14,4644.0,145650.0,12.3917237776 
165,1410,2974,1,1,4623.0,2451.0,16.8266417219 
166,1397,1680,6,6,4618.0,31356.0,14.0591983606 
167,1215,3245,16,10,4613.0,35181.0,13.9342295503 
168,1012,757,9,10,4606.0,75559.0,13.1042844962 
169,1490,4423,7,6,4599.0,30425.0,14.0919235327 
170,900,2865,10,8,4598.0,59618.0,13.3615564932 
171,2390,462,6,6,4589.0,32072.0,14.0346848919 
172,2406,4418,1,1,4586.0,2238.0,16.9253497945 
173,1516,2485,6,6,4584.0,29375.0,14.1300553118 
174,2230,251,7,6,4574.0,41598.0,13.7523188735 
175,1580,1499,8,8,4564.0,49352.0,13.5667381069 
176,1450,2567,6,12,4552.0,23491.0,14.3727462378 
177,2442,4240,6,6,4548.0,29148.0,14.1384780979 
178,1200,3185,20,12,4537.0,58256.0,13.386648346 
179,1799,461,10,9,4526.0,69380.0,13.1969142612 
180,1466,3482,13,15,4519.0,113639.0,12.6611814916 
181,245,3132,6,6,4501.0,28358.0,14.1683110046 
182,717,1104,10,11,4498.0,88721.0,12.9299339294 
183,2125,4284,7,7,4498.0,37537.0,13.8638510991 
184,975,2907,6,6,4497.0,27097.0,14.2176969717 
185,828,2670,9,9,4485.0,48459.0,13.5865638805 
186,1285,3381,26,12,4482.0,81224.0,13.0257890671 
187,908,3395,23,9,4480.0,127036.0,12.5401829735 
188,404,1250,6,5,4465.0,27396.0,14.2057821062 
189,688,3349,12,9,4465.0,84804.0,12.9789591566 
190,1882,3260,11,7,4461.0,68143.0,13.2164468763 
191,1733,854,18,10,4459.0,165305.0,12.2542850252 
192,1177,1010,7,7,4448.0,42388.0,13.7318926858 
193,1110,2585,9,10,4441.0,83852.0,12.9912164358 
194,908,3224,10,8,4439.0,49292.0,13.5680589005 
195,1034,927,9,9,4438.0,64981.0,13.2680340238 
196,1872,1290,7,6,4433.0,37329.0,13.8698841104 
197,2467,1682,2,10,4416.0,62796.0,13.305170048 
198,871,2402,6,5,4408.0,25639.0,14.2777472941 
199,613,2777,11,12,4402.0,121565.0,12.5879786139 
200,1573,4444,5,6,4401.0,23656.0,14.3651467212 
201,1280,4337,6,5,4392.0,22111.0,14.4384790385 
202,1333,2957,10,9,4390.0,45730.0,13.6494969965 
203,2281,2641,13,8,4374.0,79449.0,13.0497789119 
204,338,3855,9,8,4371.0,57282.0,13.4049545676 
205,1195,120,7,7,4362.0,32613.0,14.0165231238 
206,576,928,6,5,4358.0,26654.0,14.2355940165 
207,442,2519,8,9,4354.0,57242.0,13.4057130017 
208,607,3305,10,9,4352.0,67279.0,13.2303011807 
209,1822,610,6,5,4341.0,26863.0,14.2271137198 
210,1992,980,8,8,4336.0,44275.0,13.6846035753 
211,1335,834,8,12,4335.0,79300.0,13.0518170317 
212,1101,3876,6,6,4323.0,23443.0,14.3749670311 
213,190,350,9,7,4320.0,44793.0,13.6719746245 
214,2113,471,9,10,4319.0,81763.0,13.0186079551 
215,1956,1011,8,7,4319.0,50429.0,13.5432991094 
216,1474,4484,8,11,4315.0,53923.0,13.4705648847 
217,2278,3135,6,5,4313.0,20967.0,14.496159262 
218,1409,2975,1,1,4311.0,1642.0,17.261567118 
219,2139,4072,6,12,4309.0,34315.0,13.9612899919 
220,457,3886,10,11,4305.0,77769.0,13.0729837136 
221,548,1907,7,6,4304.0,27521.0,14.2008394742 
222,372,2971,8,8,4293.0,45453.0,13.6560936177 
223,1299,1463,5,5,4272.0,19940.0,14.5506871151 
224,2113,3146,13,6,4256.0,66808.0,13.2379288233 
225,181,4241,10,8,4255.0,57092.0,13.4085618572 
226,2170,2210,10,6,4247.0,53978.0,13.4694580275 
227,1041,1635,6,5,4243.0,21880.0,14.4498817058 
228,886,382,9,8,4240.0,51913.0,13.5118096824 
229,243,1251,6,5,4236.0,23252.0,14.3838492143 
230,1633,244,7,6,4233.0,28269.0,14.1717238854 
231,2070,3693,9,8,4227.0,47281.0,13.6132833666 
232,2321,4043,6,7,4221.0,35995.0,13.9093945552 
233,1262,2661,7,7,4217.0,32943.0,14.0055921343 
234,2148,4382,5,4,4217.0,16050.0,14.7863124081 
235,1707,508,6,5,4204.0,23646.0,14.3656057869 
236,2307,3097,7,6,4198.0,29484.0,14.1260339937 
237,1239,2946,11,9,4193.0,58376.0,13.3844141669 
238,212,1460,15,10,4190.0,101192.0,12.7871345511 
239,1353,793,9,8,4189.0,48325.0,13.5895703432 
240,1840,3954,8,9,4185.0,47641.0,13.6050478278 
241,1408,2976,1,1,4181.0,1586.0,17.2992420425 
242,574,3477,5,4,4178.0,16761.0,14.7392501848 
243,1876,4009,6,6,4178.0,24197.0,14.3405961888 
244,1798,477,5,5,4176.0,19723.0,14.5625675632 
245,296,1452,7,6,4174.0,26820.0,14.2288530662 
246,189,765,10,10,4169.0,61565.0,13.3266652905 
247,790,2674,11,9,4163.0,62819.0,13.3047724533 
248,399,3088,7,7,4160.0,29487.0,14.1259235255 
249,599,1965,7,6,4157.0,30242.0,14.0984737274 
250,496,1552,9,7,4154.0,45462.0,13.6558786559 
251,1062,1945,1,7,4153.0,18241.0,14.6473783916 
252,1410,2972,1,1,4150.0,1956.0,17.0715778739 
253,1872,711,6,9,4149.0,40441.0,13.782945285 
254,2015,110,8,7,4142.0,50433.0,13.5432129928 
255,690,2929,7,8,4139.0,34969.0,13.9407919673 
256,1409,2973,1,1,4136.0,1566.0,17.3130206057 
257,844,1224,7,7,4135.0,30544.0,14.0876852224 
258,1106,4192,7,6,4135.0,32217.0,14.0297872573 
259,505,1490,9,9,4134.0,40642.0,13.7775623212 
260,1794,3129,7,6,4134.0,23515.0,14.3716375423 
261,1918,1899,7,6,4125.0,26023.0,14.2616065957 
262,1834,1960,6,5,4122.0,14033.0,14.932123687 
263,440,694,10,13,4121.0,87118.0,12.9497302585 
264,2415,2001,6,5,4112.0,17174.0,14.7128213536 
265,1606,4299,7,7,4111.0,29141.0,14.1387388727 
266,902,2853,10,3,4108.0,38301.0,13.8419747172 
267,2020,3427,5,5,4106.0,14830.0,14.8721471224 
268,1322,693,8,7,4103.0,31591.0,14.0510915662 
269,448,1007,8,8,4103.0,37456.0,13.8661965091 
270,1422,2969,1,1,4097.0,2868.0,16.6560521325 
271,1331,3729,5,5,4090.0,14576.0,14.8909041009 
272,979,4478,5,5,4090.0,14721.0,14.8801567182 
273,1112,1849,6,7,4085.0,29650.0,14.1199382557 
274,2167,1934,8,6,4079.0,38222.0,13.8442164796 
275,2201,1490,5,5,4071.0,14659.0,14.8847391379 
276,2363,3752,7,7,4069.0,25539.0,14.2819902797 
277,518,2653,8,10,4065.0,52409.0,13.5014853171 
278,783,2873,7,6,4065.0,24645.0,14.3206779438 
279,1956,2093,6,6,4063.0,23667.0,14.364641973 
280,2223,2717,7,7,4063.0,29430.0,14.1280243448 
281,1456,3464,29,7,4062.0,59145.0,13.3702049097 
282,125,992,6,5,4059.0,20714.0,14.5093400702 
283,1483,794,6,5,4058.0,17623.0,14.6848003969 
284,932,1144,8,6,4054.0,34342.0,13.9604360403 
285,594,1613,6,6,4052.0,22527.0,14.4182416024 
286,1196,2267,10,6,4047.0,43403.0,13.7062006279 
287,1451,1123,6,5,4044.0,13751.0,14.9541642948 
288,1918,3965,10,9,4041.0,52163.0,13.5065935985 
289,743,1179,9,9,4039.0,45612.0,13.6523022109 
290,920,4279,5,4,4039.0,13368.0,14.9848339078 
291,2074,1385,1,1,4038.0,1637.0,17.2648783015 
292,124,2616,6,5,4038.0,17822.0,14.6726089017 
293,363,2221,7,8,4035.0,34347.0,13.9602779748 
294,473,2984,7,6,4035.0,24710.0,14.3178181365 
295,2294,4489,4,5,4029.0,12915.0,15.0222639737 
296,1170,2360,6,5,4027.0,19488.0,14.5755818226 
297,1575,564,7,8,4024.0,42479.0,13.7295642889 
298,723,2226,10,8,4023.0,56684.0,13.4163487766 
299,1408,2974,1,1,4021.0,1476.0,17.3772841063 
300,477,4318,9,7,4019.0,38787.0,13.8282845246 
301,2129,2181,9,8,4018.0,44364.0,13.6824232584 
302,889,3281,7,6,4018.0,19761.0,14.5604777046 
303,2245,203,5,6,4014.0,21363.0,14.4758443988 
304,1951,2757,9,6,4012.0,24096.0,14.3451376137 
305,1030,374,7,7,4011.0,27573.0,14.1987899479 
306,1559,1777,8,7,4009.0,40499.0,13.7813892506 
307,2278,3171,5,5,4008.0,12807.0,15.0313814762 
308,1467,1349,5,5,4006.0,14264.0,14.9143966746 
309,2289,3506,6,5,4006.0,18506.0,14.6317186054 
310,214,715,7,7,4001.0,26740.0,14.2320964927 
311,1411,2970,1,1,3994.0,1884.0,17.1122977539 
312,2075,1384,1,1,3992.0,1461.0,17.3883744602 
313,1801,2116,9,9,3992.0,46647.0,13.6279407043 
314,1407,2977,1,1,3987.0,1456.0,17.3920965626 
315,1119,2796,9,8,3986.0,37859.0,13.854577154 
316,1161,1673,6,7,3983.0,27494.0,14.2019051792 
317,2416,2313,11,6,3982.0,35689.0,13.9186640518 
318,1575,3585,12,7,3980.0,44846.0,13.6706907185 
319,1626,1674,5,5,3979.0,13358.0,14.9856464022 
320,697,508,7,6,3977.0,24144.0,14.3429769439 
321,2061,995,5,5,3977.0,16399.0,14.7629565853 
322,951,1991,5,5,3977.0,14302.0,14.9115080657 
323,122,1562,5,5,3969.0,14231.0,14.9169114534 
324,1501,4468,7,6,3968.0,20468.0,14.5223114792 
325,511,1522,8,8,3967.0,29002.0,14.1439301295 
326,1152,2892,8,8,3967.0,19681.0,14.5648820966 
327,1226,3205,11,20,3967.0,43054.0,13.7149662338 
328,280,760,12,10,3966.0,69408.0,13.1964761742 
329,818,1637,7,6,3965.0,25902.0,14.2666667524 
330,1365,4506,5,4,3964.0,14088.0,14.9278766426 
331,2073,1386,1,1,3963.0,1693.0,17.2283576047 
332,883,437,8,6,3962.0,29827.0,14.1134760645 
333,1880,144,4,5,3953.0,13116.0,15.00549648 
334,813,2814,5,5,3953.0,12579.0,15.0508847072 
335,2058,2573,7,6,3949.0,18682.0,14.6214415806 
336,959,1117,7,7,3945.0,24928.0,14.30828141 
337,2443,1751,5,4,3943.0,12286.0,15.0764737225 
338,1537,1859,5,5,3942.0,15954.0,14.7928260307 
339,989,2410,7,6,3942.0,26609.0,14.2374286162 
340,332,2435,10,6,3942.0,30131.0,14.1024661364 
341,2199,2109,7,7,3940.0,25278.0,14.2931432262 
342,2231,2068,9,7,3938.0,47938.0,13.5983002223 
343,2405,4417,1,1,3937.0,1849.0,17.1326577221 
344,966,1023,8,12,3933.0,54753.0,13.4539802005 
345,1782,2546,8,7,3933.0,24353.0,14.3336188281 
346,2279,4007,5,6,3933.0,16380.0,14.7642152564 
347,2143,4258,8,7,3928.0,30139.0,14.1021779038 
348,267,3485,5,6,3924.0,18696.0,14.6206282515 
349,2156,3048,5,5,3921.0,12444.0,15.0625999939 
350,2411,499,5,4,3920.0,12790.0,15.0328236388 
351,2455,1609,7,8,3919.0,26673.0,14.2348203376 
352,1148,4001,7,6,3918.0,25111.0,14.3003399799 
353,2220,3736,7,6,3917.0,19547.0,14.5722997176 
354,924,689,8,9,3916.0,36057.0,13.9075260253 
355,1412,2969,1,1,3916.0,1697.0,17.2257953942 
356,2012,3312,7,6,3915.0,20682.0,14.5110186655 
357,359,4109,5,5,3914.0,11892.0,15.1118627487 
358,2440,2957,5,5,3911.0,13638.0,14.9631232847 
359,1660,4392,11,7,3911.0,42465.0,13.7299221789 
360,1274,509,1,8,3910.0,18327.0,14.6422715504 
361,1407,2258,5,4,3910.0,13638.0,14.9631232847 
362,1340,3536,6,5,3908.0,14510.0,14.8958314689 
363,2191,2878,8,6,3907.0,22426.0,14.4231204555 
364,2201,3471,10,7,3904.0,39928.0,13.7968061079 
365,2000,1326,6,5,3899.0,20143.0,14.5396896182 
366,1064,1921,7,5,3899.0,22527.0,14.4182416024 
367,1770,3154,5,5,3899.0,10016.0,15.2982642103 
368,1850,1550,6,7,3898.0,23643.0,14.3657435444 
369,1950,2401,4,4,3896.0,9747.0,15.3278225848 
370,1525,3561,5,5,3896.0,11333.0,15.1641377781 
371,2216,4193,6,6,3890.0,15984.0,14.7907863228 
372,1409,2971,1,1,3888.0,1777.0,17.1757814305 
373,1322,2395,4,4,3887.0,9078.0,15.405024554 
374,2073,1384,1,1,3886.0,1551.0,17.3234705055 
375,1891,1397,6,7,3884.0,26404.0,14.2458256898 
376,636,3579,7,6,3882.0,22045.0,14.4417247421 
377,263,1897,5,5,3878.0,12011.0,15.1010520826 
378,1407,2975,1,1,3878.0,1364.0,17.4629640742 
379,1377,2551,8,5,3877.0,22937.0,14.3986584635 
380,1202,2900,6,7,3873.0,17675.0,14.6816014438 
381,2328,3350,7,6,3872.0,18080.0,14.6570039347 
382,820,523,6,6,3871.0,16188.0,14.7770170107 
383,1654,1854,6,4,3869.0,16006.0,14.7892929686 
384,455,3989,5,4,3867.0,11747.0,15.1251825781 
385,2006,2101,6,7,3864.0,21630.0,14.4623587014 
386,2076,1383,2,1,3863.0,2138.0,16.9749807478 
387,1833,3973,6,6,3863.0,15313.0,14.8373492937 
388,1736,507,5,4,3860.0,12705.0,15.0400633265 
389,1244,1055,6,6,3860.0,16594.0,14.7501222856 
390,1753,1284,6,6,3858.0,19486.0,14.5756932545 
391,1976,2115,5,6,3858.0,17428.0,14.6968811218 
392,1709,2886,7,6,3858.0,20273.0,14.5327049491 
393,1310,491,10,1,3856.0,21460.0,14.4709257059 
394,1850,3095,5,4,3855.0,11072.0,15.1894348072 
395,1489,3497,6,4,3855.0,11326.0,15.1648086068 
396,1408,2972,1,1,3853.0,1366.0,17.4613732516 
397,2348,2008,9,7,3852.0,32223.0,14.0295850717 
398,597,3292,7,7,3850.0,21934.0,14.4472054022 
399,2087,1806,5,4,3848.0,12227.0,15.0817002195 
400,2453,2139,7,6,3848.0,16581.0,14.7509732017 
401,2336,530,6,6,3847.0,17049.0,14.7207527231 
402,1258,3352,14,9,3847.0,19790.0,14.5588855145 
403,759,1236,10,8,3845.0,39958.0,13.7959906436 
404,1604,3563,5,4,3845.0,9159.0,15.3953798525 
405,1406,2978,1,1,3844.0,1337.0,17.4846714818 
406,124,552,5,4,3843.0,11762.0,15.1237970623 
407,669,3315,5,6,3843.0,15774.0,14.8051454088 
408,1204,3896,6,5,3843.0,14585.0,14.8902339164 
409,442,1316,7,5,3842.0,18505.0,14.6317772764 
410,2072,1385,1,1,3842.0,1379.0,17.4510893346 
411,2136,1475,6,4,3841.0,13434.0,14.9794866401 
412,972,3718,8,6,3841.0,20319.0,14.5302441742 
413,2185,258,6,6,3840.0,17282.0,14.706014998 
414,850,2327,7,5,3837.0,18227.0,14.6482120161 
415,240,2763,6,13,3835.0,39325.0,13.8133281718 
416,1818,3735,5,5,3834.0,11784.0,15.1217681654 
417,2157,1325,5,5,3833.0,12131.0,15.0902584932 
418,174,1454,9,7,3831.0,29354.0,14.1308317753 
419,196,1587,7,8,3830.0,25220.0,14.2956372944 
420,407,556,5,4,3826.0,11081.0,15.1885526128 
421,578,2449,5,5,3825.0,11859.0,15.1148798273 
422,1721,2599,9,5,3824.0,21211.0,14.4835971401 
423,1841,3064,4,4,3822.0,7539.0,15.6067156417 
424,2228,449,5,4,3819.0,12955.0,15.0189064567 
425,966,4178,4,4,3819.0,7668.0,15.5882947395 
426,937,3830,5,9,3817.0,25651.0,14.2772392483 
427,1974,2741,5,4,3815.0,11983.0,15.1035861017 
428,1085,4057,5,5,3815.0,10417.0,15.2556433396 
429,1710,2600,3,5,3813.0,10026.0,15.2971807493 
430,1406,2976,1,1,3811.0,1341.0,17.4814280554 
431,275,3011,10,8,3811.0,37293.0,13.8709316971 
432,2154,3509,5,4,3811.0,11106.0,15.1861058272 
433,1973,3857,6,5,3811.0,13017.0,15.0137227379 
434,799,1055,4,4,3810.0,8384.0,15.4913718259 
435,1249,2012,5,4,3810.0,10942.0,15.2022582239 
436,1421,2967,2,1,3810.0,2213.0,16.9375464652 
437,2053,109,6,9,3809.0,26560.0,14.2394298233 
438,1040,725,5,4,3809.0,10517.0,15.2452703152 
439,1749,2135,6,5,3808.0,14269.0,14.9140161551 
440,928,3373,7,9,3808.0,26621.0,14.2369390864 
441,269,472,6,5,3806.0,14577.0,14.8908296155 
442,303,4396,7,7,3806.0,21455.0,14.4711787028 
443,1491,3453,8,10,3805.0,19901.0,14.5528127507 
444,586,137,6,6,3804.0,16219.0,14.7749398155 
445,108,208,7,6,3804.0,15985.0,14.7907183985 
446,1407,2973,1,1,3804.0,1326.0,17.4936411898 
447,1194,3701,4,4,3803.0,7003.0,15.6867896841 
448,1096,615,8,10,3801.0,32143.0,14.0322839793 
449,430,115,3,3,3800.0,5231.0,16.0035381999 
450,1668,2506,8,7,3800.0,25729.0,14.2739427326 
451,2386,846,3,4,3799.0,8019.0,15.5396994663 
452,945,3430,6,6,3799.0,13723.0,14.9563773416 
453,2407,167,7,5,3798.0,15372.0,14.8331740605 
454,1325,708,4,4,3798.0,7761.0,15.5752057914 
455,2251,4357,7,4,3798.0,15893.0,14.7969852915 
456,678,1769,8,8,3793.0,27381.0,14.2063767369 
457,979,1081,19,6,3792.0,51004.0,13.5309894073 
458,1975,3669,5,6,3792.0,15786.0,14.8043197538 
459,445,499,5,6,3790.0,15446.0,14.8279599237 
460,117,1272,5,5,3788.0,10499.0,15.2471301607 
461,2433,2936,6,5,3788.0,13849.0,14.9464539618 
462,1781,981,7,5,3787.0,18765.0,14.6166285781 
463,2074,1382,1,1,3786.0,1742.0,17.1973796233 
464,118,2061,6,4,3784.0,13676.0,14.9601022697 
465,1725,3070,5,4,3784.0,7956.0,15.5482630639 
466,2204,1035,5,4,3783.0,11725.0,15.1272178715 
467,2101,2776,5,5,3783.0,10114.0,15.2876926268 
468,932,3889,5,6,3783.0,15756.0,14.8063850697 
469,1581,3932,5,5,3783.0,10112.0,15.2879073477 
470,2009,104,1,1,3779.0,1576.0,17.3061094671 
471,1456,3494,1,10,3779.0,15433.0,14.8288741095 
472,1364,3487,6,6,3778.0,11755.0,15.1244434163 
473,1701,3926,4,3,3778.0,6863.0,15.7087150028 
474,1944,261,5,4,3777.0,13225.0,14.9965107982 
475,1657,2054,4,4,3777.0,7176.0,15.6602939249 
476,1334,2660,1,10,3777.0,20948.0,14.4971435869 
477,194,1050,4,4,3776.0,6936.0,15.6972272888 
478,949,2901,7,5,3776.0,13207.0,14.9979895554 
479,2388,3679,5,6,3776.0,15826.0,14.8015720965 
480,651,724,5,4,3775.0,10462.0,15.2509632108 
481,1572,3892,6,6,3774.0,13769.0,14.9527440002 
482,1410,2969,1,1,3773.0,1686.0,17.2328560743 
483,1741,1643,6,4,3772.0,11900.0,15.1111325965 
484,1004,2708,7,7,3771.0,19880.0,14.5539590498 
485,736,4486,6,5,3770.0,13433.0,14.9795674631 
486,831,1501,6,4,3769.0,13843.0,14.9469244528 
487,2123,4403,4,4,3769.0,7323.0,15.6382774147 
488,2325,2401,5,5,3768.0,10113.0,15.2877999819 
489,316,2940,5,4,3768.0,9351.0,15.3728548575 
490,2089,303,8,9,3767.0,29621.0,14.1210007096 
491,2362,1990,4,5,3767.0,9633.0,15.3405960993 
492,2030,221,6,5,3766.0,14023.0,14.9328976649 
493,1411,2968,1,1,3765.0,1325.0,17.4944603043 
494,2253,119,4,5,3764.0,11526.0,15.1458034619 
495,1164,2044,8,6,3764.0,24402.0,14.331436443 
496,616,2199,5,4,3763.0,8963.0,15.4188665089 
497,1933,2771,11,9,3762.0,39083.0,13.8200302684 
498,1794,3237,5,6,3762.0,9870.0,15.3142071183 
499,1958,281,6,4,3761.0,14076.0,14.9288018546 
500,774,2930,7,6,3761.0,19420.0,14.5793769361 
501,2358,3294,6,10,3761.0,28281.0,14.1712630955 
502,256,251,6,6,3760.0,16215.0,14.7752076175 
503,943,3344,4,4,3759.0,6567.0,15.7565824593 
504,2264,2275,6,5,3758.0,13211.0,14.9976607686 
505,1882,876,6,6,3757.0,16078.0,14.7844199392 
506,594,3603,4,4,3757.0,6817.0,15.716016765 
507,405,2382,4,4,3756.0,7227.0,15.6526048632 
508,1418,2966,2,1,3756.0,1797.0,17.1636298072 
509,1029,113,9,12,3755.0,25036.0,14.3035876428 
510,1730,3346,7,6,3755.0,8832.0,15.434852349 
511,2071,1387,1,1,3754.0,1990.0,17.052867309 
512,487,1658,5,7,3754.0,18635.0,14.6241765073 
513,1792,1459,5,4,3752.0,8881.0,15.4288453248 
514,2040,2634,5,6,3752.0,13558.0,14.9695109261 
515,1134,1695,6,6,3751.0,15085.0,14.8536367137 
516,2218,1816,5,4,3751.0,9326.0,15.3757614722 
517,1830,1970,5,5,3751.0,10823.0,15.2141308539 
518,1406,2974,1,1,3751.0,1309.0,17.5076508836 
519,649,1111,6,6,3750.0,13881.0,14.9439481145 
520,519,3138,5,5,3750.0,9628.0,15.341159796 
521,2069,3314,4,4,3750.0,7493.0,15.6133606685 
522,2355,1826,4,3,3749.0,6506.0,15.7667148526 
523,105,2356,5,5,3748.0,10136.0,15.2853334953 
524,1210,3115,7,7,3747.0,11062.0,15.1904158647 
525,2046,3158,10,11,3747.0,39676.0,13.803680296 
526,561,3259,4,7,3747.0,16789.0,14.7374379272 
527,1713,3329,1,1,3747.0,1483.0,17.3721471224 
528,2026,4129,5,4,3747.0,9786.0,15.3234869714 
529,373,1962,6,5,3746.0,12795.0,15.0323992744 
530,1121,2704,1,7,3746.0,9430.0,15.3637207682 
531,1405,2979,1,2,3745.0,1731.0,17.2042573303 
532,1964,4352,8,4,3744.0,13883.0,14.9437916909 
533,1913,1130,5,5,3743.0,10798.0,15.2166416922 
534,1844,4078,5,5,3742.0,10192.0,15.2793514625 
535,1529,4423,4,4,3742.0,6431.0,15.779303726 
536,1714,3328,1,1,3741.0,1313.0,17.5043381848 
537,2117,559,4,4,3740.0,7261.0,15.6475089081 
538,822,1784,5,5,3740.0,10028.0,15.2969641868 
539,1644,2275,8,4,3740.0,14979.0,14.8612929481 
540,2072,1383,1,1,3739.0,1698.0,17.2251557852 
541,1413,2967,1,1,3738.0,1950.0,17.0749134716 
542,439,2318,1,4,3737.0,4079.0,16.2736157367 
543,676,3605,9,6,3737.0,24036.0,14.3478445116 
544,1407,2971,1,1,3736.0,1463.0,17.3868891847 
545,940,1174,6,6,3734.0,14014.0,14.9335947171 
546,302,1527,4,4,3734.0,6661.0,15.7411514159 
547,2417,2965,5,5,3734.0,10136.0,15.2853334953 
548,2310,3433,4,4,3734.0,6294.0,15.8026831536 
549,1124,1475,5,5,3733.0,10022.0,15.297614004 
550,1522,4063,6,5,3733.0,13813.0,14.9492799705 
551,172,370,5,4,3731.0,8393.0,15.4902069422 
552,1518,1918,5,5,3731.0,11056.0,15.1910049249 
553,2084,3723,4,5,3731.0,8110.0,15.5274478645 
554,1503,2883,7,6,3730.0,11902.0,15.1109501352 
555,1769,2554,6,6,3729.0,11082.0,15.1884546354 
556,1943,2673,5,6,3729.0,14128.0,14.9247982844 
557,1408,2970,1,1,3729.0,1557.0,17.3192784686 
558,1838,3435,5,4,3729.0,8891.0,15.4276234744 
559,1964,4161,6,7,3729.0,15958.0,14.7925538482 
560,161,199,6,5,3728.0,11064.0,15.1902195822 
561,1798,1772,6,6,3728.0,13373.0,14.9844278885 
562,1643,1792,6,5,3728.0,12760.0,15.035373314 
563,1152,3860,7,5,3728.0,16530.0,14.7543178661 
564,1573,4098,4,4,3728.0,6984.0,15.6897394233 
565,2287,599,7,5,3727.0,19264.0,14.5881338261 
566,2422,1340,7,5,3727.0,13961.0,14.9377086823 
567,2278,490,8,7,3726.0,25232.0,14.29512081 
568,1996,1048,5,4,3726.0,9636.0,15.3402580217 
569,2252,1968,6,5,3725.0,11494.0,15.148822018 
570,1387,104,3,1,3724.0,4379.0,16.196562637 
571,2154,599,6,6,3724.0,15239.0,14.8426088274 
572,1633,1396,5,4,3724.0,9345.0,15.3735517357 
573,1415,2966,1,1,3724.0,1934.0,17.0838588256 
574,2071,1384,1,1,3723.0,1317.0,17.5010355626 
575,1359,2341,5,5,3723.0,10135.0,15.2854406174 
576,201,3521,5,5,3722.0,8975.0,15.4174138569 
577,1111,1304,5,12,3721.0,29916.0,14.1102411886 
578,2193,1435,4,4,3721.0,6671.0,15.7395226484 
579,925,4246,4,6,3721.0,12769.0,15.0346077826 
580,1241,3416,7,8,3720.0,15655.0,14.8133673201 
581,277,4500,5,5,3720.0,8030.0,15.5382111368 
582,1586,987,4,3,3719.0,6101.0,15.8364974375 
583,1882,273,7,6,3718.0,18705.0,14.6201057187 
584,347,428,5,4,3718.0,8522.0,15.4736461753 
585,1017,1069,5,4,3718.0,9469.0,15.3592397086 
586,2078,1382,2,1,3718.0,1696.0,17.2264353802 
587,499,1543,5,1,3718.0,6696.0,15.7354613875 
588,677,1713,5,5,3718.0,9359.0,15.3719263818 
589,1793,1768,1,1,3718.0,1516.0,17.3482519968 
590,1174,2871,4,4,3718.0,5589.0,15.931664726 
591,1341,4387,4,4,3717.0,6577.0,15.7549303954 
592,2398,4509,1,1,3717.0,1371.0,17.457406363 
593,1248,764,6,5,3716.0,12805.0,15.031551043 
594,2006,1473,4,3,3716.0,6226.0,15.8144772091 
595,787,1681,7,6,3716.0,17678.0,14.6814171761 
596,1967,4057,4,3,3716.0,6483.0,15.770559946 
597,2343,847,6,6,3714.0,14190.0,14.9200440114 
598,688,2363,7,4,3714.0,14008.0,14.9340596673 
599,502,405,8,5,3713.0,16523.0,14.7547777428 
600,2021,1940,5,5,3713.0,11004.0,15.1961235457 
601,213,477,5,5,3712.0,9734.0,15.3292716452 
602,524,3218,6,6,3712.0,12780.0,15.0336728654 
603,432,4309,5,5,3712.0,8612.0,15.4622399471 
604,1506,2805,5,6,3711.0,10494.0,15.2476473503 
605,2119,1610,4,3,3710.0,6078.0,15.8405982606 
606,2203,2798,7,4,3710.0,15494.0,14.8245911209 
607,743,890,4,5,3709.0,9057.0,15.4075390806 
608,484,3157,4,4,3709.0,6264.0,15.8078706274 
609,2049,2242,4,6,3708.0,12753.0,15.0359691008 
610,1999,2740,4,4,3708.0,6373.0,15.7891402038 
611,1405,2975,1,1,3708.0,1288.0,17.5252103424 
612,2010,102,5,2,3707.0,6490.0,15.769388258 
613,2068,1304,11,10,3707.0,42756.0,13.722507329 
614,2261,3543,5,4,3707.0,8069.0,15.5329507113 
615,517,3738,4,4,3707.0,5724.0,15.9057509373 
616,2175,1216,6,6,3706.0,13427.0,14.9800525277 
617,100,1444,7,10,3705.0,14260.0,14.9147011862 
618,612,3350,8,5,3705.0,12949.0,15.0194094228 
619,1183,4045,6,4,3705.0,10843.0,15.2121263556 
620,939,3538,4,4,3704.0,6566.0,15.756747804 
621,658,4510,7,1,3704.0,8632.0,15.4597214208 
622,917,2883,7,4,3703.0,12258.0,15.0789509575 
623,1502,2962,7,1,3703.0,6128.0,15.8317031084 
624,2277,4451,1,2,3703.0,1609.0,17.2836098898 
625,2222,1441,8,9,3702.0,24470.0,14.3284150766 
626,1316,1717,1,1,3702.0,1664.0,17.2471166951 
627,1614,4329,6,5,3702.0,12132.0,15.0901689959 
628,652,307,6,5,3699.0,10983.0,15.198197541 
629,1861,770,5,6,3699.0,13870.0,14.9448088473 
630,2035,2585,5,6,3699.0,12231.0,15.0813450846 
631,1406,2972,1,1,3699.0,1285.0,17.5277421808 
632,1623,3550,4,4,3699.0,5591.0,15.9312762694 
633,2186,2740,4,4,3698.0,6192.0,15.8204226308 
634,1713,3181,6,6,3698.0,9959.0,15.3044606691 
635,2107,500,6,5,3695.0,14342.0,14.9084757046 
636,767,1158,4,4,3695.0,6225.0,15.8146516106 
637,2075,1381,1,1,3693.0,1293.0,17.5210036878 
638,101,663,11,23,3692.0,58745.0,13.3775727297 
639,2069,2254,4,4,3691.0,6660.0,15.7413144271 
640,1909,2322,4,3,3690.0,5586.0,15.9322476716 
641,950,2332,6,11,3690.0,26946.0,14.2237642364 
642,1005,2548,4,4,3690.0,6173.0,15.8237593076 
643,1615,108,4,3,3689.0,5975.0,15.8591552259 
644,1690,601,4,3,3689.0,6182.0,15.8221774982 
645,2069,2389,4,4,3689.0,6843.0,15.71188365 
646,2117,4319,3,3,3689.0,4280.0,16.2213905775 
647,1650,2269,4,1,3688.0,4870.0,16.081177597 
648,659,3667,4,4,3687.0,6452.0,15.7757641032 
649,1151,4241,4,4,3687.0,5607.0,15.9281736098 
650,2110,4344,4,4,3687.0,5642.0,15.9214172955 
651,837,1428,5,4,3686.0,9519.0,15.3535216829 
652,1763,3066,3,4,3686.0,5444.0,15.9602047087 
653,1052,3755,4,4,3686.0,6369.0,15.7898218778 
654,634,1875,4,4,3685.0,6318.0,15.7985509461 
655,1136,2886,8,5,3684.0,14885.0,14.8681279025 
656,772,355,6,8,3683.0,19114.0,14.5966210458 
657,1314,1718,1,1,3683.0,1661.0,17.2490759189 
658,385,2936,6,5,3683.0,10981.0,15.1983952711 
659,2283,4223,4,5,3683.0,9416.0,15.3653338754 
660,855,3303,4,6,3682.0,10027.0,15.2970724626 
661,1354,3542,4,4,3682.0,4866.0,16.0820697385 
662,304,131,8,6,3681.0,18223.0,14.6484503121 
663,191,201,6,5,3681.0,9818.0,15.3199424306 
664,1913,2429,5,4,3681.0,9476.0,15.3584373699 
665,2289,1368,6,6,3680.0,12556.0,15.0528717324 
666,2281,4444,1,1,3680.0,1377.0,17.4526651494 
667,1368,266,6,4,3679.0,9825.0,15.3191686024 
668,2070,1388,1,1,3679.0,1278.0,17.5336728654 
669,1009,3471,5,6,3679.0,10956.0,15.200869941 
670,622,3596,4,4,3679.0,5288.0,15.9917713838 
671,273,4372,8,7,3679.0,20903.0,14.4994784486 
672,1294,204,4,4,3678.0,5248.0,16.0000154341 
673,1948,1591,4,4,3678.0,6399.0,15.7847197246 
674,2460,1761,5,6,3678.0,9240.0,15.3858200719 
675,1792,1767,1,1,3678.0,1507.0,17.3547168692 
676,789,2655,6,5,3678.0,10600.0,15.2367353368 
677,2406,4301,3,2,3678.0,3228.0,16.5276661849 
678,2089,916,6,6,3677.0,13436.0,14.9793250121 
679,1405,2973,1,1,3677.0,1287.0,17.5260536327 
680,1821,1647,4,4,3676.0,6055.0,15.8447146313 
681,1654,2380,4,4,3676.0,6220.0,15.8155240383 
682,570,2856,4,5,3676.0,8787.0,15.440398434 
683,141,4042,5,4,3676.0,6762.0,15.7248120839 
684,2070,1386,1,1,3675.0,1953.0,17.0732443918 
685,1064,3317,5,7,3675.0,10738.0,15.2226915009 
686,2147,3577,3,3,3675.0,4093.0,16.2698956384 
687,1487,3696,5,4,3675.0,6873.0,15.7071341402 
688,1461,3695,5,5,3674.0,8066.0,15.5333544558 
689,1096,3866,5,7,3674.0,11108.0,15.1859103223 
690,2053,4171,5,4,3674.0,8845.0,15.4332554069 
691,2450,791,4,2,3673.0,5018.0,16.0486733576 
692,340,1913,6,5,3673.0,11101.0,15.1865947434 
693,1416,2965,1,1,3673.0,1259.0,17.5499356747 
694,1409,2968,1,1,3673.0,1628.0,17.2708639986 
695,2438,1634,5,4,3672.0,7218.0,15.6539578057 
696,1093,2624,4,3,3672.0,5546.0,15.9400503369 
697,1975,2801,5,6,3672.0,11748.0,15.1250901554 
698,1114,3577,4,6,3672.0,10482.0,15.2488896116 
699,1868,2487,4,3,3671.0,5938.0,15.8658995168 
700,185,3683,4,4,3671.0,5345.0,15.9801307261 
701,318,819,6,5,3670.0,10017.0,15.2981558156 
702,1364,3021,24,8,3670.0,24082.0,14.3457686199 
703,709,3033,4,5,3670.0,8319.0,15.4998221893 
704,615,3413,6,6,3670.0,11540.0,15.144485478 
705,1582,1460,4,4,3669.0,5608.0,15.9279799876 
706,903,4252,6,4,3669.0,11591.0,15.1396977354 
707,1688,386,5,8,3667.0,18026.0,14.6602515832 
708,1906,1925,5,3,3667.0,7392.0,15.6280951045 
709,2346,2407,4,4,3667.0,6308.0,15.8002707884 
710,1414,2965,1,1,3667.0,1649.0,17.2569483609 
711,782,129,5,5,3666.0,8652.0,15.4572087231 
712,1207,256,8,5,3666.0,12561.0,15.052439461 
713,1487,1591,4,4,3666.0,5315.0,15.9862418279 
714,1769,2232,3,4,3666.0,5289.0,15.9915660825 
715,1564,2571,7,7,3666.0,12471.0,15.0602468019 
716,334,3033,5,5,3666.0,7638.0,15.5925508649 
717,1713,3327,1,1,3666.0,1440.0,17.4040937698 
718,1257,986,4,3,3665.0,5821.0,15.8875060018 
719,2073,1381,1,1,3665.0,1650.0,17.2562901395 
720,1842,1712,5,5,3665.0,9121.0,15.3998938607 
721,2416,3274,5,4,3665.0,7587.0,15.5998247898 
722,1420,2237,4,3,3664.0,5665.0,15.9170002145 
723,2330,2984,4,3,3664.0,5420.0,15.9650017837 
724,528,3672,4,3,3664.0,5078.0,16.0357682587 
725,2304,4317,3,4,3664.0,5410.0,15.9670068372 
726,171,110,3,3,3663.0,3631.0,16.3999343777 
727,1576,470,5,5,3663.0,8907.0,15.4256713692 
728,820,1630,5,1,3663.0,4885.0,16.0778385799 
729,1380,2102,5,5,3663.0,9143.0,15.3972782006 
730,1404,2977,1,1,3663.0,1897.0,17.1048316728 
731,738,3277,4,5,3663.0,6361.0,15.7911865111 
732,1712,3328,1,1,3663.0,1282.0,17.530279937 
733,166,182,4,2,3662.0,4498.0,16.1674513723 
734,749,1813,4,5,3662.0,7885.0,15.5579957558 
735,721,2908,5,4,3662.0,6969.0,15.6920738387 
736,439,1455,5,6,3661.0,12207.0,15.0834776386 
737,808,1715,7,5,3661.0,13826.0,14.9482586186 
738,1262,2160,4,6,3661.0,11384.0,15.1592627823 
739,2290,3277,6,2,3661.0,5842.0,15.8835961184 
740,649,813,4,3,3660.0,5544.0,15.940441946 
741,1042,2587,3,4,3660.0,3563.0,16.4204604441 
742,505,3180,4,4,3660.0,5469.0,15.9552301916 
743,1332,1738,6,5,3659.0,6711.0,15.733031903 
744,677,1861,5,4,3659.0,7298.0,15.6419903524 
745,1410,2967,1,1,3659.0,1273.0,17.5379289909 
746,2194,3257,3,5,3659.0,6701.0,15.7346509552 
747,1367,3409,17,9,3659.0,15412.0,14.8303524991 
748,1783,749,6,5,3658.0,12547.0,15.053650255 
749,933,1227,4,4,3658.0,5353.0,15.9785068915 
750,686,1232,5,4,3658.0,8298.0,15.5025664238 
751,1349,2011,4,4,3658.0,5753.0,15.9002640649 
752,143,2116,5,6,3658.0,12848.0,15.0279111802 
753,1022,2170,5,4,3658.0,7725.0,15.5802537798 
754,1715,3327,1,1,3658.0,1531.0,17.3375620233 
755,231,3469,5,4,3658.0,8270.0,15.5062362261 
756,2195,4483,1,1,3658.0,1218.0,17.5858817793 
757,2124,538,4,3,3657.0,5400.0,15.9690156004 
758,1202,793,6,5,3657.0,10455.0,15.2516899071 
759,898,2180,5,4,3657.0,8497.0,15.4768359544 
760,1712,3330,1,1,3657.0,1523.0,17.3432502417 
761,510,800,5,5,3656.0,8002.0,15.5420036324 
762,865,884,5,4,3656.0,8901.0,15.4264029974 
763,1313,1719,1,1,3656.0,1278.0,17.5336728654 
764,628,2438,4,4,3656.0,5636.0,15.9225725389 
765,1420,2965,1,1,3656.0,1491.0,17.3663058914 
766,1894,531,4,4,3655.0,5934.0,15.866631145 
767,571,2630,6,7,3655.0,17068.0,14.7195434145 
768,1942,2745,6,4,3655.0,8610.0,15.4624921214 
769,1422,2965,1,1,3655.0,1865.0,17.1233029096 
770,1851,103,4,4,3654.0,5299.0,15.9895152012 
771,2179,1402,6,4,3653.0,8390.0,15.4905950979 
772,2070,2927,5,4,3653.0,7322.0,15.6384256886 
773,1412,2966,1,1,3653.0,2241.0,16.9238953587 
774,1407,2969,1,1,3653.0,1621.0,17.2755424629 
775,948,3565,5,5,3653.0,7752.0,15.5764655899 
776,1736,3691,4,4,3653.0,5643.0,15.9212248743 
777,1794,1767,1,1,3652.0,1545.0,17.3276787906 
778,1358,2877,4,4,3652.0,4322.0,16.2107880936 
779,1934,3203,6,5,3652.0,8927.0,15.4232361631 
780,1907,3375,4,3,3652.0,5697.0,15.9108844514 
781,1397,3414,8,9,3652.0,6403.0,15.7840412454 
782,2149,3949,4,3,3652.0,5457.0,15.9576151155 
783,2004,1878,4,3,3651.0,5320.0,15.9852209193 
784,473,2136,3,4,3651.0,5517.0,15.9457425401 
785,411,2929,5,5,3651.0,8955.0,15.4198360245 
786,2125,432,4,4,3650.0,5920.0,15.8691957332 
787,2060,1961,4,4,3650.0,5874.0,15.8776651445 
788,1728,2607,5,4,3650.0,6399.0,15.7847197246 
789,1191,4453,3,3,3650.0,3835.0,16.3405865793 
790,2382,223,4,3,3649.0,5329.0,15.9833856994 
791,1792,1769,1,3,3649.0,1828.0,17.1450595215 
792,346,2010,6,6,3649.0,12732.0,15.0377584251 
793,926,1220,3,4,3648.0,5165.0,16.0173241854 
794,2355,3765,7,5,3648.0,13405.0,14.9818329542 
795,989,100,1,4,3647.0,2903.0,16.6428824104 
796,744,4400,4,5,3647.0,7604.0,15.5973947295 
797,1756,2824,4,7,3646.0,12710.0,15.0396361236 
798,2446,4304,5,5,3646.0,6168.0,15.8246390874 
799,747,2610,5,5,3645.0,8120.0,15.5261099269 
800,1071,881,4,3,3644.0,5131.0,16.0244949634 
801,1002,2536,4,4,3644.0,5390.0,15.971028087 
802,1647,2909,4,3,3644.0,4450.0,16.1790999725 
803,1317,1716,1,1,3643.0,1252.0,17.5559891778 
804,2402,3944,4,4,3643.0,5472.0,15.9546347782 
805,1612,4436,3,4,3643.0,5289.0,15.9915660825 
806,1778,384,5,4,3642.0,8647.0,15.4578363526 
807,2216,2624,4,4,3642.0,5634.0,15.9229578934 
808,709,3337,4,4,3642.0,4521.0,16.1619137324 
809,2118,4270,3,3,3642.0,3636.0,16.3984403136 
810,2349,950,4,4,3641.0,5837.0,15.8845257667 
811,1404,2981,1,5,3641.0,2755.0,16.699695992 
812,2096,4456,4,2,3641.0,5242.0,16.0012574585 
813,1086,670,4,4,3640.0,5484.0,15.9522563847 
814,872,912,5,4,3640.0,7527.0,15.6084452099 
815,2425,2293,5,4,3640.0,7243.0,15.650203787 
816,401,1218,5,4,3639.0,7067.0,15.6769122717 
817,428,1786,6,6,3639.0,10772.0,15.2192591382 
818,576,1846,5,3,3639.0,7621.0,15.5949700959 
819,653,3587,3,3,3639.0,3501.0,16.4395197231 
820,2354,1352,4,6,3638.0,9391.0,15.3682203986 
821,2071,1382,1,1,3638.0,1646.0,17.2589254228 
822,2021,116,4,4,3637.0,3483.0,16.4451163139 
823,932,157,4,4,3637.0,4728.0,16.1133063303 
824,1308,262,6,6,3637.0,10539.0,15.2430014887 
825,119,551,1,1,3637.0,1674.0,17.2406113659 
826,1404,2974,1,1,3637.0,1253.0,17.5551223225 
827,1509,3465,6,5,3637.0,5263.0,15.996916575 
828,505,636,5,3,3636.0,6739.0,15.7285113591 
829,399,1185,4,4,3636.0,4754.0,16.1073520565 
830,2352,2253,4,3,3636.0,4879.0,16.0791729547 
831,1933,2497,3,3,3636.0,3770.0,16.3591466245 
832,460,2569,5,4,3636.0,7170.0,15.6612021108 
833,2057,2994,4,4,3636.0,5152.0,16.0200603641 
834,110,1372,4,5,3635.0,7106.0,15.6709369921 
835,2163,2725,4,3,3635.0,5399.0,15.9692166813 
836,135,2821,4,4,3635.0,4801.0,16.0966707351 
837,2406,2155,4,3,3634.0,5198.0,16.0104093121 
838,703,2707,6,7,3634.0,14814.0,14.8733191492 
839,1284,2773,4,4,3634.0,5253.0,15.998981498 
840,1709,870,4,3,3633.0,5186.0,16.0129187189 
841,1043,1358,5,4,3633.0,7811.0,15.5682334055 
842,648,2128,5,4,3633.0,6814.0,15.7164946769 
843,2101,3705,6,4,3633.0,9682.0,15.3350873042 
844,2179,624,3,4,3632.0,4965.0,16.0602018679 
845,1406,2970,1,1,3632.0,1264.0,17.5456323151 
846,2199,339,4,3,3631.0,5494.0,15.9502783623 
847,1059,1764,5,4,3631.0,7671.0,15.5878700431 
848,1216,616,4,4,3630.0,4708.0,16.1179088646 
849,1549,1281,4,4,3630.0,4852.0,16.0851980195 
850,1419,2964,1,1,3630.0,1246.0,17.5612048942 
851,613,682,6,6,3629.0,11043.0,15.1922823196 
852,348,800,5,5,3629.0,8308.0,15.5012587803 
853,1217,1619,4,3,3629.0,5344.0,15.9803338763 
854,940,2380,4,5,3629.0,6657.0,15.7418036076 
855,2195,1238,8,5,3628.0,13746.0,14.9545591511 
856,294,2307,5,4,3627.0,7667.0,15.5884363419 
857,1080,2909,5,3,3627.0,6345.0,15.7939209339 
858,1936,2542,4,3,3626.0,4644.0,16.1327694723 
859,383,4082,6,5,3626.0,10565.0,15.2403262465 
860,1512,1653,4,3,3625.0,5399.0,15.9692166813 
861,2201,2642,4,3,3625.0,5221.0,16.005615767 
862,604,2663,4,5,3625.0,7513.0,15.6104665279 
863,728,2754,3,4,3625.0,5187.0,16.01270938 
864,1329,2936,5,4,3625.0,5127.0,16.0253417064 
865,566,3322,4,4,3625.0,4812.0,16.0941859533 
866,2150,1446,4,4,3624.0,4722.0,16.1146850431 
867,1315,1716,1,1,3624.0,1629.0,17.2701972892 
868,2182,1924,3,4,3624.0,5236.0,16.0025009053 
869,1935,2384,3,3,3624.0,3545.0,16.4259594012 
870,1460,975,4,9,3623.0,17276.0,14.7063920116 
871,1753,2332,5,4,3623.0,8398.0,15.4895603242 
872,1500,2955,2,1,3623.0,1603.0,17.2876661941 
873,1038,2186,5,5,3622.0,7344.0,15.6351683295 
874,2126,4139,3,3,3622.0,3253.0,16.5192898418 
875,1572,4238,4,4,3622.0,4996.0,16.0534439257 
876,1095,1004,5,3,3621.0,6147.0,15.8283419672 
877,517,1333,3,3,3621.0,3125.0,16.5628749458 
878,242,1401,1,1,3621.0,1649.0,17.2569483609 
879,1866,523,5,4,3620.0,6700.0,15.7348129932 
880,2181,1237,4,4,3620.0,5002.0,16.0521407815 
881,703,3302,4,4,3620.0,4794.0,16.0982549258 
882,1712,3326,1,1,3620.0,1420.0,17.419279139 
883,426,3721,5,3,3620.0,6536.0,15.7617198912 
884,434,4079,4,4,3620.0,5099.0,16.0312874701 
885,1277,976,4,4,3619.0,5442.0,15.9606036564 
886,910,1385,4,3,3619.0,5132.0,16.0242833807 
887,1508,2666,5,4,3619.0,6012.0,15.8524525702 
888,2076,1380,2,1,3618.0,1545.0,17.3276787906 
889,1312,1721,1,1,3618.0,1867.0,17.1221392051 
890,339,2349,4,4,3618.0,4906.0,16.0731811403 
891,1200,3099,6,6,3618.0,8166.0,15.519976561 
892,491,3438,4,3,3618.0,4685.0,16.1232260119 
893,1145,3512,5,4,3618.0,5862.0,15.8798854647 
894,1772,4381,3,3,3618.0,3631.0,16.3999343777 
895,1939,263,1,3,3617.0,2388.0,16.8549141939 
896,724,613,5,3,3617.0,6113.0,15.8343640105 
897,2278,2396,5,4,3617.0,7425.0,15.623258855 
898,687,2414,5,3,3617.0,6696.0,15.7354613875 
899,2457,2955,3,3,3617.0,3656.0,16.3924845323 
900,204,3413,4,3,3617.0,5145.0,16.0215365523 
901,2361,235,4,4,3616.0,5804.0,15.8906814906 
902,1814,1391,4,3,3616.0,5276.0,15.9942380328 
903,356,2273,4,3,3616.0,4992.0,16.0543135583 
904,1417,2964,1,1,3616.0,1237.0,17.5690757509 
905,722,3113,4,3,3616.0,4749.0,16.108494576 
906,393,775,3,3,3615.0,3368.0,16.4815697929 
907,2457,1678,1,4,3615.0,3067.0,16.58321556 
908,1714,2200,4,5,3615.0,7575.0,15.6015434071 
909,1408,2967,1,1,3615.0,1606.0,17.2856361476 
910,2469,3257,1,4,3615.0,3351.0,16.4870639304 
911,583,830,5,3,3613.0,7140.0,15.6657544706 
912,2469,1754,1,3,3613.0,2371.0,16.8626711151 
913,1835,1880,3,3,3613.0,3164.0,16.5494088129 
914,1165,2878,1,1,3613.0,1378.0,17.4518769561 
915,2236,4459,1,1,3613.0,1101.0,17.6955317026 
916,506,865,5,4,3612.0,7525.0,15.6087337393 
917,1421,2964,1,1,3612.0,1487.0,17.3692225787 
918,1621,4140,6,4,3612.0,8701.0,15.4510770784 
919,1110,652,6,6,3611.0,9093.0,15.4032320223 
920,2192,680,3,3,3611.0,3423.0,16.4639827522 
921,1874,1736,4,3,3611.0,5034.0,16.045216972 
922,1662,2000,3,1,3611.0,2189.0,16.9493855961 
923,2382,2073,5,4,3611.0,5920.0,15.8691957332 
924,1129,3689,4,4,3611.0,4841.0,16.0876622934 
925,1807,3868,3,4,3611.0,4828.0,16.0905818464 
926,2356,4075,3,3,3611.0,3324.0,16.4958474622 
927,837,883,6,4,3610.0,8967.0,15.4183820756 
928,772,1931,4,5,3610.0,7176.0,15.6602939249 
929,1117,2593,4,4,3610.0,3252.0,16.5196236577 
930,121,3116,4,4,3610.0,4713.0,16.1167564006 
931,2392,3713,4,5,3610.0,7261.0,15.6475089081 
932,1298,4239,3,3,3610.0,3275.0,16.5119717392 
933,1515,207,1,1,3609.0,1133.0,17.6644252253 
934,2467,322,2,3,3609.0,3607.0,16.4071346442 
935,2469,647,1,5,3609.0,4338.0,16.2067761308 
936,2394,2803,4,3,3609.0,4940.0,16.0656826277 
937,2281,2969,5,5,3609.0,6676.0,15.73870918 
938,1397,3535,3,3,3609.0,2919.0,16.6369147625 
939,1514,3536,6,3,3609.0,7057.0,15.6784497064 
940,1941,1711,5,5,3608.0,7027.0,15.6830751162 
941,2469,1951,1,22,3608.0,25572.0,14.2805882606 
942,1165,2876,6,1,3608.0,6572.0,15.7557561131 
943,1403,2976,1,1,3608.0,2214.0,16.9370559586 
944,1039,3728,3,3,3608.0,3128.0,16.561833139 
945,2211,4067,2,2,3608.0,1836.0,17.1403183078 
946,1982,4294,3,3,3608.0,3558.0,16.4219851406 
947,267,4365,3,2,3608.0,1988.0,17.0539590498 
948,2401,218,3,3,3607.0,3265.0,16.515292036 
949,1800,556,5,4,3607.0,6822.0,15.7152207123 
950,1307,1303,4,4,3607.0,5054.0,16.040911906 
951,835,2517,4,3,3607.0,4849.0,16.0858695397 
952,351,3146,5,5,3607.0,7701.0,15.5836321915 
953,665,3442,5,4,3606.0,6639.0,15.7447433284 
954,1142,4005,1,3,3606.0,2420.0,16.840461585 
955,617,4378,4,4,3606.0,4659.0,16.1292682239 
956,2054,4391,4,4,3606.0,4729.0,16.113076715 
957,914,1148,4,3,3605.0,4757.0,16.1066671215 
958,2374,1353,4,5,3605.0,5117.0,16.0274614576 
959,1810,3036,3,4,3605.0,4177.0,16.2478388118 
960,446,3569,3,4,3605.0,4333.0,16.2080282774 
961,2166,145,3,4,3604.0,5372.0,15.97465999 
962,1857,765,1,1,3604.0,1422.0,17.417751009 
963,1201,1058,6,3,3604.0,7404.0,15.6263339748 
964,840,1163,1,1,3604.0,1610.0,17.2829353099 
965,2286,1346,4,7,3604.0,10294.0,15.2685395902 
966,1324,2855,5,4,3604.0,5265.0,15.9965040612 
967,1403,2973,1,1,3604.0,1386.0,17.4455919243 
968,1910,3216,6,7,3604.0,12517.0,15.0562493694 
969,1714,3326,1,1,3604.0,1485.0,17.3706838659 
970,1856,766,1,1,3603.0,1252.0,17.5559891778 
971,2069,1387,1,1,3603.0,1255.0,17.5533906855 
972,293,2181,4,4,3603.0,4667.0,16.1274054978 
973,2391,4317,2,4,3603.0,4260.0,16.2264760022 
974,2355,1321,5,4,3602.0,6079.0,15.8404196415 
975,317,2051,3,3,3602.0,3251.0,16.5199575763 
976,1726,3222,4,5,3602.0,5362.0,15.9766829759 
977,2387,3233,3,3,3602.0,3203.0,16.5361076533 
978,874,3247,4,4,3602.0,4640.0,16.1337050486 
979,1213,3354,5,4,3602.0,3711.0,16.3762726141 
980,1538,3510,8,9,3602.0,16516.0,14.7552378145 
981,1308,4170,4,3,3602.0,3790.0,16.3534019751 
982,840,1165,1,6,3601.0,4164.0,16.2512231979 
983,1313,1717,1,1,3601.0,1599.0,17.2903788406 
984,1221,1892,3,3,3601.0,3371.0,16.4806031187 
985,1406,2047,4,3,3601.0,4055.0,16.2800228536 
986,1202,2250,5,4,3601.0,6774.0,15.7228870192 
987,1408,2593,4,7,3601.0,10879.0,15.2085275581 
988,2294,2638,3,3,3601.0,2145.0,16.9714317587 
989,264,2896,4,4,3601.0,4645.0,16.1325357042 
990,953,1008,3,3,3600.0,2980.0,16.6144593398 
991,2070,1383,1,1,3600.0,1245.0,17.5620766214 
992,1649,2265,1,1,3600.0,1610.0,17.2829353099 
993,1302,2566,3,3,3600.0,2980.0,16.6144593398 
994,2400,2725,2,3,3600.0,2803.0,16.6809422556 
995,1822,3262,4,5,3600.0,6407.0,15.78336319 
996,2040,607,4,3,3599.0,4786.0,16.1000682643 
997,587,1815,3,3,3599.0,3352.0,16.4867399751 
998,2040,1932,3,5,3599.0,7332.0,15.6369438593 
999,417,2227,3,3,3599.0,3139.0,16.5580217107 
1000,567,2494,4,3,3599.0,4313.0,16.2130513546 
1001,1729,4334,3,3,3599.0,3070.0,16.5821540613 
1002,1790,2939,5,4,3598.0,6303.0,15.8011317322 
1003,2233,3130,3,3,3598.0,3226.0,16.5283390924 
1004,1896,3877,4,4,3598.0,4721.0,16.1149149989 
1005,983,296,6,4,3597.0,8085.0,15.5307999394 
1006,2424,964,3,3,3597.0,3430.0,16.4617646999 
1007,764,1012,5,4,3597.0,7079.0,15.6750702192 
1008,1704,2060,3,4,3597.0,4982.0,16.056490692 
1009,2068,2679,4,4,3597.0,4937.0,16.066342182 
1010,2053,123,2,2,3596.0,1441.0,17.403340048 
1011,2364,315,3,3,3596.0,3276.0,16.5116402673 
1012,628,2558,8,4,3596.0,9289.0,15.3800775928 
1013,1105,2576,1,1,3596.0,1607.0,17.2849603081 
1014,1501,2969,1,7,3596.0,2760.0,16.6977272948 
1015,1404,2972,1,1,3596.0,1232.0,17.5734732304 
1016,2025,3030,4,5,3596.0,6201.0,15.8188456716 
1017,1269,3039,5,21,3596.0,17492.0,14.6929013283 
1018,2163,4124,3,3,3596.0,3320.0,16.4971547907 
1019,1770,4196,4,3,3596.0,4730.0,16.1128471482 
1020,2410,837,3,3,3595.0,3398.0,16.4719415637 
1021,1330,845,1,5,3595.0,4077.0,16.2741482214 
1022,2069,1384,1,2,3595.0,1467.0,17.3839247154 
1023,1450,1758,3,4,3595.0,2757.0,16.6989080847 
1024,682,2687,4,4,3595.0,4636.0,16.1346414318 
1025,1415,2964,1,1,3595.0,1230.0,17.5752372214 
1026,1711,3329,1,1,3595.0,1232.0,17.5734732304 
1027,2265,3713,3,4,3595.0,4596.0,16.14404995 
1028,797,1750,5,7,3594.0,11944.0,15.1071255132 
1029,1084,1927,11,1,3594.0,17977.0,14.6632069539 
1030,2298,2092,4,5,3594.0,6772.0,15.7232076264 
1031,1653,2511,4,3,3594.0,4111.0,16.265131308 
1032,1411,2965,1,1,3594.0,1555.0,17.3206740166 
1033,1713,3325,1,1,3594.0,1246.0,17.5612048942 
1034,846,3475,6,3,3594.0,6595.0,15.7519630003 
1035,1846,3961,5,4,3594.0,3894.0,16.324010132 
1036,1477,990,4,3,3593.0,4648.0,16.1318347015 
1037,847,3314,5,4,3593.0,5312.0,15.9868548341 
1038,2166,3440,3,4,3593.0,4255.0,16.2277510889 
1039,255,1482,6,4,3592.0,9872.0,15.3139871333 
1040,100,2444,2,5,3592.0,3223.0,16.5293492362 
1041,1413,2964,1,1,3592.0,1851.0,17.1314839531 
1042,2420,3297,4,3,3592.0,4659.0,16.1292682239 
1043,496,3600,3,3,3592.0,3202.0,16.536446681 
1044,2027,3629,6,5,3592.0,8913.0,15.4249402337 
1045,1225,4510,7,1,3592.0,4636.0,16.1346414318 
1046,1870,1483,5,5,3591.0,7207.0,15.6556136949 
1047,336,2259,6,4,3591.0,8913.0,15.4249402337 
1048,1498,2953,2,1,3591.0,1558.0,17.3185813667 
1049,1784,4296,4,3,3591.0,3575.0,16.4168098847 
1050,1460,4460,3,3,3591.0,2957.0,16.6228716887 
1051,1146,1517,4,6,3590.0,9471.0,15.3590104085 
1052,498,1537,5,2,3590.0,3730.0,16.3707279205 
1053,917,1628,4,4,3590.0,5014.0,16.0495391759 
1054,1312,1718,1,1,3590.0,1244.0,17.5629490491 
1055,231,2344,4,4,3590.0,4933.0,16.0672222113 
1056,1103,2577,1,1,3590.0,1587.0,17.2985576831 
1057,934,2916,4,3,3590.0,4170.0,16.2496598626 
1058,1406,2968,1,1,3590.0,1555.0,17.3206740166 
1059,1405,2971,1,1,3590.0,913.0,17.8988230562 
1060,453,3287,5,4,3590.0,6795.0,15.7195263473 
1061,1846,3486,4,3,3590.0,4473.0,16.1735027546 
1062,1154,3997,4,1,3590.0,2966.0,16.6195721333 
1063,1462,4476,5,2,3590.0,4274.0,16.2229137054 
1064,1021,4478,3,3,3590.0,3138.0,16.5583676519 
1065,296,135,2,3,3589.0,2523.0,16.7952068737 
1066,1638,146,1,1,3589.0,1133.0,17.6644252253 
1067,2468,238,1,3,3589.0,3034.0,16.5949610589 
1068,1517,720,3,3,3589.0,3207.0,16.5347526002 
1069,2283,1186,4,4,3589.0,5002.0,16.0521407815 
1070,1736,1750,4,6,3589.0,9238.0,15.3860551052 
1071,928,2027,3,3,3589.0,2892.0,16.6470042784 
1072,606,2753,3,6,3589.0,6328.0,15.7968338238 
1073,2377,2825,6,4,3589.0,8689.0,15.4525755069 
1074,1070,3277,4,3,3588.0,3876.0,16.3290405791 
1075,1136,3405,3,3,3588.0,2555.0,16.7815227388 
1076,2360,477,2,5,3587.0,5970.0,15.8600641722 
1077,726,1188,5,4,3587.0,5829.0,15.8860148617 
1078,165,1505,3,4,3587.0,4330.0,16.2087802591 
1079,1325,1858,3,3,3587.0,3099.0,16.5719460594 
1080,1885,3009,5,3,3587.0,5719.0,15.9066997586 
1081,1711,3327,1,1,3587.0,1235.0,17.570832606 
1082,861,4294,4,5,3587.0,6054.0,15.8448939584 
1083,1598,118,5,2,3586.0,4260.0,16.2264760022 
1084,411,759,4,4,3586.0,4735.0,16.1117000417 
1085,1793,1766,1,1,3586.0,1245.0,17.5620766214 
1086,1641,2047,3,3,3586.0,2962.0,16.6210373645 
1087,1141,3187,5,4,3586.0,5036.0,16.0447856964 
1088,760,3955,3,3,3586.0,2990.0,16.6108220292 
1089,807,278,6,4,3585.0,8121.0,15.5259762238 
1090,1318,1715,5,1,3585.0,3529.0,16.4308708541 
1091,1743,2155,3,3,3585.0,2873.0,16.654160935 
1092,1006,2849,8,3,3585.0,8368.0,15.4934458212 
1093,1409,2966,1,1,3585.0,1467.0,17.3839247154 
1094,898,3132,4,3,3585.0,4235.0,16.2328664633 
1095,1676,3133,4,7,3585.0,6742.0,15.7280281295 
1096,300,4374,2,2,3585.0,1631.0,17.2688650974 
1097,1389,384,1,5,3584.0,4125.0,16.2614401178 
1098,1542,531,4,3,3584.0,4322.0,16.2107880936 
1099,1494,1406,3,2,3584.0,3019.0,16.6003422174 
1100,1992,2812,3,3,3584.0,3006.0,16.6050275594 
1101,1063,2894,3,3,3584.0,2985.0,16.6126391613 
1102,1413,4272,3,3,3584.0,2997.0,16.6082831426 
1103,2311,414,4,3,3583.0,4840.0,16.0878865959 
1104,2072,1380,1,1,3583.0,1592.0,17.2951423415 
1105,1919,1856,5,3,3583.0,6021.0,15.850828432 
1106,1420,2963,1,1,3583.0,1201.0,17.6011424815 
1107,2174,3244,4,3,3583.0,3583.0,16.4143829796 
1108,1525,3609,4,5,3583.0,5211.0,16.0076973171 
1109,2069,1390,1,1,3582.0,1861.0,17.1256340672 
1110,218,1438,6,5,3582.0,7217.0,15.6541082368 
1111,2044,1956,4,3,3582.0,4328.0,16.2092818698 
1112,1416,2963,1,1,3582.0,1230.0,17.5752372214 
1113,1711,3331,1,2,3582.0,1493.0,17.3648504807 
1114,897,3701,3,2,3582.0,2743.0,16.704435481 
1115,1022,129,4,3,3581.0,3550.0,16.4244291174 
1116,835,811,4,4,3581.0,4263.0,16.2257116684 
1117,511,1884,3,4,3581.0,4121.0,16.2624934637 
1118,210,2383,5,4,3581.0,6056.0,15.8445353338 
1119,1321,2777,3,3,3581.0,2753.0,16.7004844715 
1120,751,3041,5,3,3581.0,6096.0,15.8373876042 
1121,1212,4494,3,4,3581.0,4109.0,16.2656596468 
1122,1228,4010,4,3,3580.0,4007.0,16.2929516439 
1123,266,4368,1,1,3580.0,1806.0,17.1582056351 
1124,2349,258,4,5,3579.0,6670.0,15.7396854152 
1125,1970,418,2,3,3579.0,3009.0,16.6039445306 
1126,1209,1042,1,3,3579.0,1771.0,17.179453597 
1127,2297,1250,3,4,3579.0,4391.0,16.1935914072 
1128,2387,2573,5,3,3579.0,5943.0,15.8649856744 
1129,1996,2906,4,4,3579.0,4584.0,16.1468884776 
1130,1202,2971,4,4,3579.0,3420.0,16.4649347349 
1131,1982,2981,4,3,3579.0,4192.0,16.2439468151 
1132,1579,3355,10,14,3579.0,7898.0,15.5562071765 
1133,1460,3577,4,2,3579.0,3513.0,16.4358046255 
1134,1501,3839,4,3,3579.0,3859.0,16.3338130536 
1135,1189,638,4,3,3578.0,4209.0,16.2395526856 
1136,2448,1301,4,4,3578.0,4148.0,16.2554031307 
1137,2015,1774,3,3,3578.0,3304.0,16.5023999034 
1138,841,3405,5,4,3578.0,5459.0,15.9572172642 
1139,628,4054,3,3,3578.0,2773.0,16.6926253261 
1140,1269,4066,4,4,3578.0,4276.0,16.2224057587 
1141,969,276,6,4,3577.0,7630.0,15.5936886551 
1142,1355,1654,5,8,3577.0,10943.0,15.2021590019 
1143,1405,2967,1,1,3577.0,1359.0,17.4669513582 
1144,1543,4379,6,4,3577.0,8435.0,15.4847872827 
1145,1284,200,4,3,3576.0,3802.0,16.3499697187 
1146,570,929,1,2,3576.0,1340.0,17.4822380041 
1147,1505,1011,4,2,3576.0,3847.0,16.3371945342 
1148,211,2147,4,4,3576.0,3780.0,16.3562705004 
1149,2317,2295,4,5,3576.0,5398.0,15.9694177994 
1150,2123,2492,3,3,3576.0,3078.0,16.5793284613 
1151,2258,2585,3,4,3576.0,3975.0,16.3016571675 
1152,1624,2602,3,3,3576.0,3039.0,16.5931732498 
1153,1418,2963,1,1,3576.0,1441.0,17.403340048 
1154,1296,3072,1,1,3576.0,1367.0,17.4605787136 
1155,601,3175,3,2,3576.0,2841.0,16.6663219157 
1156,264,4373,2,4,3576.0,2702.0,16.7207866383 
1157,1516,4471,4,4,3576.0,3610.0,16.4062319952 
1158,200,105,4,1,3575.0,3512.0,16.4361137319 
1159,961,204,5,3,3575.0,4343.0,16.2055254266 
1160,1071,462,4,3,3575.0,4261.0,16.2262211645 
1161,563,1655,4,3,3575.0,4209.0,16.2395526856 
1162,2125,2442,3,3,3575.0,2926.0,16.6343141955 
1163,462,2893,3,4,3575.0,4073.0,16.2752139748 
1164,1935,3464,3,3,3575.0,2796.0,16.6836570823 
1165,1082,4089,3,2,3575.0,2979.0,16.614823742 
1166,221,4408,4,7,3575.0,6067.0,15.8425650126 
1167,2280,4445,1,1,3575.0,1003.0,17.7967476674 
1168,221,984,2,3,3574.0,2855.0,16.6609847185 
1169,2377,1674,5,4,3574.0,5160.0,16.0183757459 
1170,598,2050,3,3,3574.0,3010.0,16.603583761 
1171,609,2616,3,3,3574.0,3120.0,16.564613515 
1172,923,3141,3,3,3574.0,2666.0,16.7353496373 
1173,1046,3219,3,4,3574.0,3601.0,16.4089421966 
1174,270,4364,3,1,3574.0,1452.0,17.3950834591 
1175,1115,819,4,4,3573.0,4545.0,16.1561652811 
1176,833,1126,4,3,3573.0,4132.0,16.2595992179 
1177,2292,2528,3,5,3573.0,6257.0,15.8090846126 
1178,525,2663,5,5,3573.0,5573.0,15.9347773924 
1179,712,3156,3,3,3573.0,2787.0,16.6871575782 
1180,1615,3432,4,1,3573.0,2270.0,16.909935357 
1181,1613,3542,4,3,3573.0,3455.0,16.4538798707 
1182,1660,3628,3,4,3573.0,3723.0,16.3727674095 
1183,1657,230,3,4,3572.0,4472.0,16.1737455128 
1184,2464,238,1,2,3572.0,1776.0,17.1763925964 
1185,514,1332,1,1,3572.0,1583.0,17.3012977128 
1186,1376,1575,4,5,3572.0,6282.0,15.8047551698 
1187,1939,2861,4,4,3572.0,4409.0,16.1891497529 
1188,1405,2969,1,1,3572.0,1441.0,17.403340048 
1189,1190,3083,8,4,3572.0,6585.0,15.7536105518 
1190,2260,3844,1,1,3572.0,1608.0,17.284284889 
1191,2388,391,4,4,3571.0,3961.0,16.305487894 
1192,1516,490,4,5,3571.0,6219.0,15.815698608 
1193,2025,1564,4,3,3571.0,4062.0,16.2781502023 
1194,2368,1972,4,3,3571.0,3864.0,16.3324072056 
1195,1126,2709,1,3,3571.0,1412.0,17.4254132582 
1196,1892,2897,4,3,3571.0,3928.0,16.3145713022 
1197,530,3025,4,3,3571.0,4175.0,16.2483588005 
1198,1854,3798,3,3,3571.0,2967.0,16.6192061342 
1199,795,1054,1,1,3570.0,1589.0,17.297190257 
1200,2220,1661,4,3,3570.0,3890.0,16.3251259967 
1201,634,2229,3,3,3570.0,2775.0,16.6918425314 
1202,1403,2971,1,1,3570.0,1339.0,17.4830485575 
1203,1716,3326,2,1,3570.0,1631.0,17.2688650974 
1204,1629,3403,4,5,3570.0,3341.0,16.4903088109 
1205,2397,3504,2,3,3570.0,2980.0,16.6144593398 
1206,2173,4049,2,4,3570.0,4231.0,16.2338924367 
1207,1175,145,4,3,3569.0,3892.0,16.324567921 
1208,603,165,3,2,3569.0,2511.0,16.8003832182 
1209,453,1196,4,2,3569.0,4064.0,16.2776157518 
1210,201,1642,7,3,3569.0,7876.0,15.5592357313 
1211,1823,1956,5,3,3569.0,5999.0,15.8548028452 
1212,1012,2072,4,3,3569.0,3687.0,16.383317156 
1213,1102,2578,1,1,3569.0,1223.0,17.5814338574 
1214,2293,2635,1,1,3569.0,1485.0,17.3706838659 
1215,1072,2754,4,4,3569.0,3935.0,16.3126381583 
1216,2034,2825,3,3,3569.0,2875.0,16.6534053774 
1217,1402,2974,1,2,3569.0,1413.0,17.4246445954 
1218,1634,3397,4,4,3569.0,3398.0,16.4719415637 
1219,1699,3688,3,3,3569.0,2868.0,16.6560521325 
1220,1102,4069,3,3,3569.0,2886.0,16.6492591831 
1221,1969,4239,2,2,3569.0,1660.0,17.2497297799 
1222,199,351,1,4,3568.0,1864.0,17.12388523 
1223,1941,956,6,7,3568.0,13278.0,14.9921683392 
1224,190,1049,1,1,3568.0,1598.0,17.2910580626 
1225,186,1379,6,3,3568.0,6799.0,15.7188873971 
1226,242,1403,1,4,3568.0,1819.0,17.1504182523 
1227,137,2114,1,2,3568.0,1359.0,17.4669513582 
1228,1901,2236,3,3,3568.0,2988.0,16.6115485171 
1229,307,2415,3,3,3568.0,2728.0,16.710389085 
1230,535,2541,3,4,3568.0,4090.0,16.27069173 
1231,150,2618,5,4,3568.0,6112.0,15.8345416361 
1232,1713,3060,4,4,3568.0,3714.0,16.3753952515 
1233,730,4483,1,3,3568.0,2470.0,16.8182576169 
1234,427,114,1,1,3567.0,1582.0,17.3019838021 
1235,2239,202,1,1,3567.0,1609.0,17.2836098898 
1236,1321,709,1,3,3567.0,1726.0,17.2073980216 
1237,2015,1602,3,3,3567.0,2915.0,16.6384036023 
1238,1061,1928,1,1,3567.0,1468.0,17.383184861 
1239,2266,2343,3,2,3567.0,2836.0,16.6682344337 
1240,656,2866,3,3,3567.0,2802.0,16.6813296726 
1241,1422,2963,1,1,3567.0,1791.0,17.1672610354 
1242,1404,2970,1,1,3567.0,908.0,17.9047853787 
1243,1292,3354,1,2,3567.0,2198.0,16.9449307798 
1244,2215,4510,9,1,3567.0,6103.0,15.8361415751 
1245,427,117,1,1,3566.0,1415.0,17.4231089003 
1246,940,2275,4,4,3566.0,3145.0,16.5559483755 
1247,2419,2382,4,2,3566.0,3931.0,16.3137423904 
1248,2181,2523,6,3,3566.0,6452.0,15.7757641032 
1249,1454,2938,4,10,3566.0,7579.0,15.6009702323 
1250,2160,2940,2,3,3566.0,2632.0,16.7492852876 
1251,1410,2964,1,1,3566.0,1559.0,17.317884712 
1252,1840,3498,4,3,3566.0,3517.0,16.4345690792 
1253,1581,4302,2,2,3566.0,1622.0,17.2748728753 
1254,982,4414,3,2,3566.0,2458.0,16.8235453036 
1255,228,363,5,2,3565.0,5143.0,16.0219586892 
1256,268,508,5,4,3565.0,5552.0,15.9388763564 
1257,950,1007,1,1,3565.0,1592.0,17.2951423415 
1258,1718,2152,4,4,3565.0,4373.0,16.1980513066 
1259,137,2260,4,2,3565.0,3363.0,16.4831828317 
1260,1714,2304,3,2,3565.0,2997.0,16.6082831426 
1261,1672,2499,5,1,3565.0,3343.0,16.4896590585 
1262,1853,2571,4,3,3565.0,3804.0,16.3493987293 
1263,1294,3074,1,1,3565.0,1363.0,17.4637603604 
1264,279,3762,3,4,3565.0,4000.0,16.2948500217 
1265,1345,3904,3,3,3565.0,2808.0,16.6790072414 
1266,467,4445,2,2,3565.0,1687.0,17.2322122935 
1267,1771,1383,3,3,3564.0,2900.0,16.6440050053 
1268,1359,1661,4,4,3564.0,2743.0,16.704435481 
1269,1311,1720,1,1,3564.0,1840.0,17.1379554425 
1270,211,2022,2,4,3564.0,3742.0,16.3672405421 
1271,1051,2394,4,4,3564.0,4275.0,16.2226597023 
1272,817,2597,3,3,3564.0,2615.0,16.756320767 
1273,1404,2987,1,11,3564.0,3409.0,16.4684324969 
1274,1295,3073,1,1,3564.0,908.0,17.9047853787 
1275,1866,4153,4,3,3564.0,3721.0,16.3733508249 
1276,1949,259,2,2,3563.0,1352.0,17.472558271 
1277,119,553,1,2,3563.0,1372.0,17.4566147216 
1278,2109,1271,4,3,3563.0,3920.0,16.3167848324 
1279,1791,1432,3,3,3563.0,2870.0,16.6552952582 
1280,422,1574,3,4,3563.0,4087.0,16.2714884057 
1281,1647,2266,1,1,3563.0,1580.0,17.3033572826 
1282,1765,2727,3,3,3563.0,2751.0,16.701273524 
1283,1733,2746,3,4,3563.0,3907.0,16.3203914719 
1284,1421,2962,1,1,3563.0,1205.0,17.5975323827 
1285,1407,2966,1,1,3563.0,1804.0,17.159408667 
1286,1808,3193,4,6,3563.0,7089.0,15.6735375591 
1287,1306,3417,6,5,3563.0,3615.0,16.4047292459 
1288,1001,3646,4,3,3563.0,4054.0,16.2802906391 
1289,591,3874,1,2,3563.0,1552.0,17.3227707077 
1290,171,4314,2,3,3563.0,2843.0,16.6655578508 
1291,1853,4433,4,3,3563.0,3980.0,16.3002923198 
1292,2289,4488,1,1,3563.0,1599.0,17.2903788406 
1293,168,347,3,6,3562.0,5314.0,15.9864461248 
1294,1855,765,1,1,3562.0,1382.0,17.4487298924 
1295,373,1975,3,3,3562.0,2918.0,16.6372867811 
1296,2458,2066,4,3,3562.0,3675.0,16.3868566414 
1297,1831,3281,2,